[
  {
    "post": "3/17 Indoor Meet",
    "category": "courses"
  },
  {
    "post": "Midd Snow Ball",
    "category": "confessionals"
  },
  {
    "post": "Taylor Swift Concert",
    "category": "meals"
  },
  {
    "post": "Taylor Swift Concert",
    "category": "sports"
  },
  {
    "post": "Graduation",
    "category": "dorms"
  },
  {
    "post": "Graduation",
    "category": "events"
  },
  {
    "post": "2/6 Ross Meal",
    "category": "courses"
  },
  {
    "post": "2/6 Ross Meal",
    "category": "confessionals"
  },
  {
    "post": "1/12 Ross Meal",
    "category": "meals"
  },
  {
    "post": "1/12 Ross Meal",
    "category": "sports"
  },
  {
    "post": "1/12 Ross Meal",
    "category": "dorms"
  },
  {
    "post": "1/12 Ross Meal",
    "category": "events"
  },
  {
    "post": "Midd Snow Ball",
    "category": "courses"
  },
  {
    "post": "3/17 Indoor Meet",
    "category": "confessionals"
  },
  {
    "post": "Throwers Potluck",
    "category": "meals"
  },
  {
    "post": "Throwers Potluck",
    "category": "sports"
  },
  {
    "post": "Mold in the Bathtub",
    "category": "dorms"
  },
  {
    "post": "Rager in ABQ",
    "category": "events"
  },
  {
    "post": "What Classes are Easy?",
    "category": "confessionals"
  }
]
