[
  {
    "title": "Midd Snow Ball",
    "author": "Peter Hansen",
    "contents": "What a wonderful night I had watching DJ Earworm!",
    "posted": "2023-01-16T04:10:08.250Z",
    "upvotes": 0
  },
  {
    "title": "Taylor Swift Concert",
    "author": "Peter Hansen",
    "contents": "For all the Swifties out there this is an event you cannot miss",
    "posted": "2023-01-20T04:10:08.250Z",
    "upvotes": 0
  },
  {
    "title": "Graduation",
    "author": "Peter Hansen",
    "contents": "I am so sad to see all my friends leaving",
    "posted": "2023-02-01T04:10:08.250Z",
    "upvotes": 0
  },
  {
    "title": "2/6 Ross Meal",
    "author": "Peter Hansen",
    "contents": "Hot Dogs \n Cheeseburgers \n Crinkle Fries \n Baked Beans",
    "posted": "2023-02-06T04:10:08.250Z",
    "upvotes": 0
  },
  {
    "title": "1/12 Ross Meal",
    "author": "Peter Hansen",
    "contents": "Halal Cart Style Chicken \n Haitian Pork Griot \n Jasmine Rice",
    "posted": "2023-01-12T04:10:08.250Z",
    "upvotes": 0
  },
  {
    "title": "3/17 Indoor Meet",
    "author": "Peter Hansen",
    "contents": "https://www.shutterstock.com/image-photo/athlete-track-running-nice-scenic-260nw-316386770.jpg",
    "posted": "2023-03-17T04:10:08.250Z",
    "upvotes": 0
  },
  {
    "title": "Throwers Potluck",
    "author": "Peter Hansen",
    "contents": "Come one come all. We will provide food for everyone that comes",
    "posted": "2023-03-02T04:10:08.250Z",
    "upvotes": 0
  },
  {
    "title": "Mold in the Bathtub",
    "author": "Peter Hansen",
    "contents": "https://cdn-prod.medicalnewstoday.com/content/images/articles/288/288651/mold-in-the-home.jpg",
    "posted": "2023-03-26T04:10:08.250Z",
    "upvotes": 0
  },
  {
    "title": "Rager in ABQ",
    "author": "Peter Hansen",
    "contents": "Yo Broskis, I am totally hosting the most epic bestest party ever in ABQ this Saturday. It start at 9 and fashionably late is totally not in fashion any more.",
    "posted": "2023-02-01T04:10:08.250Z",
    "upvotes": 0
  },
  {
    "title": "What Classes are Easy?",
    "author": "Peter Hansen",
    "contents": "What are the easiest classes so I can get my degree?",
    "posted": "2023-02-01T04:10:08.250Z",
    "upvotes": 0
  }
]
